1,004.1
2,004.8
3,004.9
4,005.1
5,005.81
6,005.9
7,007.4
8,008.45
9,008.5
10,008.61
11,008.62
12,008.63
13,008.69
14,008.8
15,009.0
16,009.1
17,009.2
18,009.3
19,011.36
20,011.64
21,011.90
22,011.93
23,011.94
24,012.05
25,012.15
26,013.00
27,013.04
28,013.25
29,013.54
30,015.04
31,018.03
32,018.05
33,018.94
34,018.96
35,021.8
36,023.9
37,027.0
38,027.2
39,031.0
40,031.1
41,031.2
42,031.9
43,032.85
44,033.8
45,034.0
46,035
47,036.0
48,036.2
49,036.41
50,038.0
51,038.10
52,038.11
53,038.19
54,038.2
55,038.3
56,038.40
57,038.41
58,038.42
59,038.43
60,038.44
61,038.49
62,038.8
63,038.9
64,039.1
65,039.2
66,039.9
67,040.0
68,040.82
69,040.89
70,041.00
71,041.01
72,041.02
73,041.03
74,041.04
75,041.05
76,041.09
77,041.10
78,041.11
79,041.19
80,041.2
81,041.3
82,041.4
83,041.5
84,041.6
85,041.7
86,041.82
87,041.83
88,041.84
89,041.85
90,041.86
91,041.89
92,041.9
93,042
94,046.3
95,047.0
96,047.8
97,047.9
98,048
99,049.0
100,049.8
101,049.9
102,052.0
103,052.1
104,052.7
105,052.9
106,053.0
107,053.12
108,053.13
109,053.19
110,053.20
111,053.29
112,053.79
113,053.9
114,054.10
115,054.2
116,054.3
117,054.5
118,054.71
119,054.72
120,054.79
121,054.9
122,057.9
123,062.2
124,070.0
125,070.1
126,070.20
127,070.22
128,070.30
129,070.31
130,070.32
131,070.33
132,070.41
133,070.44
134,070.51
135,070.52
136,070.53
137,070.54
138,070.59
139,070.70
140,070.71
141,070.9
142,075
143,077.8
144,077.99
145,078.0
146,078.10
147,078.19
148,078.5
149,078.89
150,079.0
151,079.3
152,079.4
153,079.51
154,079.6
155,079.89
156,079.99
157,082.40
158,083.9
159,084.0
160,084.4
161,084.6
162,085.9
163,086.0
164,088.0
165,088.81
166,088.82
167,090.2
168,091.2
169,091.81
170,093.1
171,094.0
172,094.9
173,096
174,097.0
175,097.1
176,098.0
177,110.0
178,110.1
179,110.3
180,110.4
181,110.5
182,110.8
183,110.9
184,111.0
185,111.9
186,112.0
187,112.1
188,112.2
189,112.3
190,112.4
191,112.5
192,112.83
193,112.84
194,112.85
195,112.89
196,112.9
197,114.0
198,114.9
199,115.99
200,117.3
201,117.4
202,117.5
203,117.7
204,117.9
205,118
206,120.8
207,121.1
208,123.1
209,125.1
210,127.0
211,127.2
212,129
213,130.0
214,130.7
215,130.8
216,130.9
217,131.01
218,131.02
219,133.0
220,134.8
221,135
222,136.3
223,136.9
224,137.0
225,137.3
226,138
227,139.0
228,139.8
229,140.0
230,140.1
231,140.9
232,141.0
233,141.4
234,141.8
235,141.9
236,142.0
237,142.9
238,143.1
239,143.9
240,144.0
241,144.8
242,144.9
243,145.0
244,145.3
245,145.8
246,146.0
247,146.7
248,146.8
249,147.1
250,147.8
251,147.9
252,148.1
253,149.0
254,150.1
255,150.3
256,150.4
257,150.5
258,150.8
259,150.9
260,151.0
261,151.1
262,151.2
263,151.3
264,151.4
265,151.5
266,151.6
267,151.8
268,151.9
269,152.0
270,152.1
271,152.2
272,152.8
273,153.0
274,153.1
275,153.2
276,153.3
277,153.4
278,153.6
279,153.7
280,153.8
281,153.9
282,154.0
283,154.1
284,154.2
285,154.3
286,154.8
287,155.0
288,155.1
289,155.2
290,156.0
291,156.1
292,156.2
293,156.8
294,156.9
295,157.0
296,157.1
297,157.2
298,157.3
299,157.4
300,157.8
301,157.9
302,158.0
303,158.8
304,158.9
305,159.8
306,159.9
307,160.2
308,160.3
309,160.8
310,160.9
311,161.0
312,161.1
313,161.2
314,161.3
315,161.8
316,161.9
317,162.0
318,162.2
319,162.3
320,162.4
321,162.5
322,162.8
323,162.9
324,163.8
325,163.9
326,164.0
327,164.1
328,164.2
329,164.8
330,164.9
331,170.0
332,170.2
333,170.7
334,171.2
335,171.3
336,171.4
337,171.5
338,171.6
339,171.8
340,172.0
341,172.1
342,172.3
343,172.4
344,172.5
345,172.7
346,172.8
347,172.9
348,173.0
349,173.2
350,173.3
351,173.4
352,173.5
353,173.6
354,173.7
355,174.3
356,174.4
357,174.8
358,174.9
359,175.9
360,176.0
361,176.1
362,176.3
363,176.4
364,176.8
365,176.9
366,180.0
367,180.8
368,180.9
369,182.0
370,183.0
371,184.0
372,184.4
373,184.8
374,185
375,186.9
376,187.4
377,188.0
378,188.2
379,188.3
380,188.4
381,188.5
382,188.8
383,188.9
384,189.0
385,189.1
386,189.2
387,190.5
388,191.0
389,191.1
390,191.2
391,191.3
392,191.4
393,191.5
394,191.6
395,191.7
396,191.8
397,191.9
398,192.0
399,192.1
400,192.2
401,193
402,194.0
403,194.1
404,195.0
405,195.2
406,195.3
407,196.0
408,196.1
409,196.2
410,196.3
411,196.5
412,196.6
413,196.8
414,196.9
415,197.0
416,197.1
417,197.2
418,197.3
419,197.4
420,197.5
421,197.6
422,197.7
423,197.8
424,198.0
425,198.1
426,198.2
427,198.3
428,198.4
429,198.5
430,198.6
431,198.7
432,198.81
433,198.82
434,198.89
435,199.0
436,199.1
437,200.00
438,200.01
439,200.02
440,200.03
441,200.05
442,200.08
443,200.10
444,200.11
445,200.20
446,200.21
447,200.22
448,200.23
449,200.28
450,200.42
451,200.71
452,200.80
453,200.88
454,201.50
455,201.52
456,201.58
457,201.90
458,201.92
459,201.98
460,202.00
461,202.01
462,202.08
463,202.10
464,202.11
465,202.12
466,202.13
467,202.18
468,202.20
469,202.40
470,202.43
471,202.60
472,202.70
473,202.80
474,202.81
475,202.82
476,202.83
477,202.85
478,202.87
479,202.88
480,202.90
481,203.00
482,203.01
483,203.10
484,203.80
485,204.00
486,204.01
487,204.10
488,204.11
489,204.90
490,205.00
491,205.01
492,205.10
493,205.11
494,205.30
495,205.90
496,206.00
497,208.00
498,208.90
499,208.91
500,210.1
501,210.4
502,211.0
503,211.1
504,211.2
505,211.3
506,211.4
507,211.5
508,211.6
509,211.8
510,211.9
511,212.1
512,212.2
513,212.3
514,212.6
515,212.7
516,213.0
517,213.2
518,214.1
519,214.2
520,214.3
521,214.8
522,214.9
523,215.4
524,215.5
525,215.6
526,216.1
527,216.3
528,216.4
529,216.5
530,216.6
531,216.7
532,216.9
533,217
534,218.0
535,218.1
536,218.2
537,218.9
538,219.1
539,220
540,221.0
541,223.0
542,225.0
543,225.1
544,225.2
545,225.4
546,226
547,227.0
548,227.1
549,227.3
550,228.00
551,228.01
552,228.02
553,228.04
554,228.09
555,228.1
556,229.8
557,230.0
558,230.1
559,230.2
560,230.9
561,231.2
562,232.3
563,232.9
564,233.0
565,233.1
566,233.3
567,233.4
568,233.7
569,233.9
570,235.2
571,235.3
572,235.4
573,235.5
574,235.6
575,235.7
576,236.0
577,236.2
578,236.91
579,237.0
580,237.1
581,237.3
582,237.5
583,237.6
584,237.70
585,237.71
586,238.0
587,238.1
588,238.2
589,238.4
590,238.6
591,238.7
592,238.71
593,238.72
594,238.75
595,238.76
596,238.79
597,238.8
598,239.0
599,239.1
600,239.2
601,239.4
602,239.5
603,239.6
604,239.7
605,240.9
606,241.0
607,241.1
608,241.9
609,242.00
610,242.01
611,242.10
612,242.20
613,242.30
614,242.80
615,242.81
616,242.90
617,242.91
618,243
619,244.0
620,244.1
621,244.2
622,244.3
623,244.8
624,244.9
625,245.2
626,245.4
627,245.9
628,246.2
629,246.9
630,250.00
631,250.01
632,250.02
633,250.03
634,250.10
635,250.11
636,250.12
637,250.13
638,250.20
639,250.21
640,250.22
641,250.23
642,250.30
643,250.31
644,250.32
645,250.33
646,250.40
647,250.41
648,250.42
649,250.43
650,250.50
651,250.51
652,250.52
653,250.53
654,250.60
655,250.61
656,250.62
657,250.63
658,250.70
659,250.71
660,250.72
661,250.73
662,250.80
663,250.81
664,250.82
665,250.83
666,250.90
667,250.91
668,250.92
669,250.93
670,251.0
671,251.1
672,251.2
673,251.3
674,251.5
675,251.8
676,252.0
677,252.00
678,252.01
679,252.02
680,252.08
681,252.1
682,253.0
683,253.1
684,253.2
685,253.4
686,253.5
687,253.6
688,253.7
689,253.8
690,253.9
691,254.0
692,254.8
693,255.0
694,255.10
695,255.2
696,255.3
697,255.4
698,255.41
699,255.5
700,255.8
701,255.9
702,256.1
703,256.39
704,256.4
705,257.2
706,258.01
707,258.1
708,258.8
709,258.9
710,259.4
711,259.9
712,260
713,261
714,262
715,263.0
716,263.1
717,263.8
718,263.9
719,265.1
720,265.2
721,266.2
722,267
723,268.2
724,268.9
725,269.0
726,269.8
727,269.9
728,270.0
729,270.4
730,270.6
731,270.7
732,271.0
733,271.3
734,271.8
735,272.0
736,272.1
737,272.2
738,272.4
739,272.5
740,272.6
741,272.8
742,272.9
743,273.0
744,273.1
745,273.2
746,273.3
747,273.4
748,273.8
749,273.9
750,274.0
751,274.82
752,274.9
753,275.0
754,275.1
755,275.2
756,275.3
757,275.40
758,275.41
759,275.42
760,275.49
761,275.8
762,276.0
763,276.1
764,276.2
765,276.3
766,276.4
767,276.5
768,276.50
769,276.51
770,276.52
771,276.6
772,276.7
773,276.8
774,276.9
775,277.00
776,277.1
777,277.3
778,277.30
779,277.39
780,277.4
781,277.6
782,277.7
783,277.8
784,277.87
785,277.89
786,277.9
787,278.00
788,278.01
789,278.1
790,278.8
791,279.00
792,279.01
793,279.03
794,279.06
795,279.11
796,279.3
797,279.4
798,279.8
799,279.9
800,280.0
801,280.8
802,280.9
803,281.0
804,281.1
805,281.2
806,281.8
807,281.9
808,282.1
809,282.2
810,282.4
811,282.49
812,282.5
813,282.60
814,282.62
815,282.7
816,282.8
817,282.9
818,283.0
819,283.11
820,283.19
821,283.2
822,283.9
823,284.0
824,284.1
825,284.8
826,284.89
827,284.9
828,285.1
829,285.21
830,285.22
831,285.29
832,285.8
833,285.9
834,286.0
835,286.1
836,286.2
837,286.3
838,286.4
839,286.5
840,286.6
841,286.7
842,286.9
843,287.0
844,287.1
845,287.2
846,287.3
847,287.30
848,287.31
849,287.33
850,287.4
851,287.5
852,287.9
853,288.0
854,288.00
855,288.01
856,288.02
857,288.03
858,288.04
859,288.09
860,288.3
861,288.4
862,288.50
863,288.60
864,288.61
865,288.62
866,288.64
867,288.66
868,288.8
869,288.9
870,289.0
871,289.1
872,289.3
873,289.4
874,289.50
875,289.51
876,289.52
877,289.59
878,289.7
879,289.8
880,289.81
881,289.82
882,289.83
883,289.89
884,289.9
885,290.0
886,290.10
887,290.11
888,290.12
889,290.3
890,290.40
891,290.41
892,290.43
893,291.0
894,291.1
895,291.2
896,291.3
897,291.81
898,292.0
899,292.11
900,292.12
901,292.81
902,292.84
903,292.85
904,292.89
905,292.9
906,293.0
907,293.1
908,293.83
909,293.84
910,293.89
911,293.9
912,294.0
913,294.10
914,294.11
915,294.8
916,294.9
917,295.20
918,295.30
919,295.32
920,295.34
921,295.40
922,295.60
923,295.62
924,295.64
925,295.70
926,295.72
927,295.73
928,295.74
929,295.80
930,295.90
931,295.92
932,296.00
933,296.04
934,296.20
935,296.22
936,296.23
937,296.24
938,296.30
939,296.32
940,296.33
941,296.34
942,296.40
943,296.44
944,296.50
945,296.53
946,296.54
947,296.60
948,296.7
949,296.80
950,296.81
951,296.89
952,296.90
953,296.99
954,297.1
955,297.2
956,297.9
957,298.4
958,298.9
959,299.00
960,299.80
961,300.00
962,300.01
963,300.02
964,300.09
965,300.11
966,300.12
967,300.14
968,300.15
969,300.16
970,300.19
971,300.21
972,300.22
973,300.29
974,300.3
975,300.4
976,300.7
977,300.9
978,301.0
979,301.20
980,301.22
981,301.4
982,301.51
983,301.7
984,301.81
985,301.83
986,301.9
987,302.50
988,303.00
989,303.01
990,303.02
991,303.03
992,303.90
993,303.91
994,303.92
995,303.93
996,304.00
997,304.01
998,304.02
999,304.03
1000,304.10
1001,304.11
1002,304.20
1003,304.21
1004,304.22
1005,304.23
1006,304.30
1007,304.31
1008,304.40
1009,304.41
1010,304.60
1011,304.61
1012,304.70
1013,304.71
1014,304.73
1015,304.80
1016,304.90
1017,304.91
1018,304.93
1019,305.00
1020,305.01
1021,305.02
1022,305.03
1023,305.1
1024,305.20
1025,305.21
1026,305.22
1027,305.23
1028,305.30
1029,305.32
1030,305.40
1031,305.41
1032,305.50
1033,305.51
1034,305.52
1035,305.53
1036,305.60
1037,305.61
1038,305.62
1039,305.63
1040,305.70
1041,305.71
1042,305.80
1043,305.90
1044,305.91
1045,305.93
1046,306.1
1047,306.2
1048,306.9
1049,307.1
1050,307.23
1051,307.42
1052,307.50
1053,307.51
1054,307.59
1055,307.6
1056,307.81
1057,307.89
1058,307.9
1059,308.0
1060,308.2
1061,308.3
1062,308.9
1063,309.0
1064,309.24
1065,309.28
1066,309.4
1067,309.81
1068,309.89
1069,309.9
1070,310.0
1071,310.1
1072,310.2
1073,310.9
1074,311
1075,312.39
1076,312.9
1077,314.00
1078,314.01
1079,315.8
1080,315.9
1081,317
1082,318.0
1083,318.1
1084,318.2
1085,319
1086,320.0
1087,320.1
1088,320.2
1089,320.3
1090,320.7
1091,320.82
1092,320.89
1093,320.9
1094,321.0
1095,322.0
1096,322.2
1097,322.9
1098,323.4
1099,323.41
1100,323.6
1101,323.61
1102,323.62
1103,323.8
1104,323.81
1105,323.9
1106,324.0
1107,324.1
1108,324.9
1109,325
1110,326
1111,327.21
1112,327.23
1113,327.24
1114,327.26
1115,327.27
1116,330.8
1117,331.0
1118,331.19
1119,331.3
1120,331.4
1121,331.5
1122,331.82
1123,331.83
1124,331.89
1125,331.9
1126,332.0
1127,332.1
1128,333.0
1129,333.1
1130,333.2
1131,333.4
1132,333.5
1133,333.6
1134,333.7
1135,333.72
1136,333.82
1137,333.85
1138,333.91
1139,333.92
1140,333.94
1141,333.99
1142,334.0
1143,334.1
1144,334.8
1145,334.9
1146,335.10
1147,335.20
1148,335.21
1149,335.22
1150,335.23
1151,336.0
1152,336.1
1153,336.3
1154,336.8
1155,336.9
1156,337.0
1157,337.1
1158,337.20
1159,337.21
1160,337.22
1161,337.29
1162,337.3
1163,337.9
1164,338.0
1165,338.11
1166,338.12
1167,338.18
1168,338.19
1169,338.28
1170,338.29
1171,338.3
1172,338.4
1173,340
1174,341.0
1175,341.1
1176,341.20
1177,341.8
1178,341.9
1179,342.00
1180,342.01
1181,342.02
1182,342.10
1183,342.80
1184,342.81
1185,342.82
1186,342.90
1187,342.91
1188,342.92
1189,343.1
1190,343.2
1191,343.4
1192,343.8
1193,343.9
1194,344.00
1195,344.01
1196,344.02
1197,344.03
1198,344.04
1199,344.09
1200,344.1
1201,344.30
1202,344.40
1203,344.60
1204,344.61
1205,344.81
1206,344.89
1207,344.9
1208,345.00
1209,345.01
1210,345.10
1211,345.11
1212,345.3
1213,345.40
1214,345.41
1215,345.50
1216,345.51
1217,345.70
1218,345.71
1219,345.80
1220,345.90
1221,345.91
1222,346.00
1223,346.20
1224,346.80
1225,346.90
1226,347
1227,347.00
1228,348.0
1229,348.1
1230,348.2
1231,348.3
1232,348.30
1233,348.31
1234,348.39
1235,348.4
1236,348.5
1237,348.8
1238,348.9
1239,349.0
1240,349.1
1241,349.2
1242,349.81
1243,349.82
1244,349.89
1245,350.1
1246,350.2
1247,350.9
1248,351.0
1249,351.8
1250,351.9
1251,352.2
1252,352.6
1253,353.0
1254,353.6
1255,354.0
1256,354.1
1257,354.2
1258,354.3
1259,354.5
1260,354.8
1261,354.9
1262,355.1
1263,355.2
1264,355.3
1265,355.5
1266,355.6
1267,355.71
1268,355.79
1269,355.8
1270,355.9
1271,356.1
1272,356.2
1273,356.8
1274,356.9
1275,357.0
1276,357.2
1277,357.3
1278,357.4
1279,357.5
1280,357.6
1281,357.7
1282,357.8
1283,357.81
1284,357.82
1285,357.89
1286,358.0
1287,358.00
1288,358.01
1289,358.1
1290,358.8
1291,358.9
1292,359.0
1293,359.1
1294,359.2
1295,359.21
1296,359.4
1297,359.81
1298,359.89
1299,359.9
1300,360.00
1301,360.01
1302,360.03
1303,360.12
1304,360.19
1305,360.43
1306,361.01
1307,361.06
1308,361.89
1309,361.9
1310,362.01
1311,362.02
1312,362.03
1313,362.07
1314,362.10
1315,362.11
1316,362.17
1317,362.18
1318,362.21
1319,362.30
1320,362.31
1321,362.34
1322,362.50
1323,362.74
1324,362.81
1325,362.84
1326,362.89
1327,363.20
1328,363.62
1329,364.00
1330,364.03
1331,364.3
1332,364.41
1333,364.9
1334,365.00
1335,365.10
1336,365.20
1337,365.22
1338,365.63
1339,365.65
1340,365.9
1341,366.16
1342,366.41
1343,366.8
1344,366.9
1345,367.1
1346,367.4
1347,368.11
1348,368.12
1349,368.13
1350,368.16
1351,368.2
1352,368.40
1353,368.41
1354,368.46
1355,368.8
1356,368.9
1357,369.00
1358,369.01
1359,369.3
1360,369.4
1361,369.60
1362,369.70
1363,369.8
1364,369.9
1365,370.00
1366,370.05
1367,370.34
1368,370.9
1369,371.40
1370,371.43
1371,372.00
1372,372.03
1373,372.30
1374,372.39
1375,372.72
1376,372.73
1377,372.75
1378,373.00
1379,373.11
1380,373.13
1381,374.10
1382,374.20
1383,374.30
1384,374.31
1385,374.43
1386,374.82
1387,374.9
1388,375.00
1389,375.15
1390,375.55
1391,375.56
1392,376.01
1393,376.03
1394,376.11
1395,376.12
1396,376.30
1397,376.32
1398,376.33
1399,376.35
1400,376.89
1401,376.9
1402,377.00
1403,377.01
1404,377.02
1405,377.16
1406,377.30
1407,377.39
1408,377.41
1409,377.49
1410,377.75
1411,378.00
1412,378.10
1413,378.51
1414,378.52
1415,378.54
1416,378.56
1417,378.71
1418,378.81
1419,378.9
1420,379.00
1421,379.09
1422,379.21
1423,379.23
1424,379.24
1425,379.40
1426,379.41
1427,379.43
1428,379.50
1429,379.56
1430,379.91
1431,379.92
1432,379.93
1433,380.10
1434,380.15
1435,380.22
1436,380.23
1437,380.39
1438,380.4
1439,381.00
1440,382.00
1441,382.01
1442,382.02
1443,382.9
1444,383.00
1445,383.02
1446,383.1
1447,383.21
1448,383.9
1449,384.01
1450,384.20
1451,385.82
1452,385.89
1453,386.00
1454,386.10
1455,386.11
1456,386.12
1457,386.30
1458,386.9
1459,388.30
1460,388.32
1461,388.42
1462,388.61
1463,388.69
1464,388.70
1465,388.72
1466,388.8
1467,389.00
1468,389.03
1469,389.10
1470,389.12
1471,389.15
1472,389.7
1473,389.8
1474,389.9
1475,391.0
1476,391.1
1477,391.8
1478,394.0
1479,394.1
1480,394.2
1481,394.9
1482,395.0
1483,395.1
1484,395.2
1485,395.9
1486,396.0
1487,396.1
1488,396.2
1489,396.3
1490,396.8
1491,397.0
1492,397.1
1493,398.90
1494,398.91
1495,401.0
1496,401.1
1497,401.9
1498,402.00
1499,402.01
1500,402.90
1501,402.91
1502,403.00
1503,403.01
1504,403.10
1505,403.11
1506,403.90
1507,403.91
1508,404.00
1509,404.01
1510,404.03
1511,404.13
1512,404.90
1513,404.91
1514,404.92
1515,404.93
1516,405.01
1517,405.91
1518,405.99
1519,410.00
1520,410.01
1521,410.02
1522,410.11
1523,410.12
1524,410.20
1525,410.21
1526,410.22
1527,410.31
1528,410.32
1529,410.41
1530,410.42
1531,410.51
1532,410.61
1533,410.71
1534,410.72
1535,410.81
1536,410.82
1537,410.90
1538,410.91
1539,410.92
1540,411.0
1541,411.1
1542,411.81
1543,411.89
1544,412
1545,413.1
1546,413.9
1547,414.00
1548,414.01
1549,414.02
1550,414.03
1551,414.04
1552,414.10
1553,414.11
1554,414.12
1555,414.19
1556,414.2
1557,414.8
1558,414.9
1559,415.0
1560,415.11
1561,415.12
1562,415.19
1563,416.0
1564,416.8
1565,416.9
1566,417.0
1567,417.1
1568,417.8
1569,420.0
1570,420.90
1571,420.91
1572,420.99
1573,421.0
1574,421.9
1575,422.0
1576,422.90
1577,422.91
1578,422.92
1579,422.93
1580,423.0
1581,423.1
1582,423.2
1583,423.3
1584,423.8
1585,423.9
1586,424.0
1587,424.1
1588,424.2
1589,424.3
1590,424.90
1591,425.1
1592,425.3
1593,425.4
1594,425.5
1595,425.7
1596,425.8
1597,425.9
1598,426.0
1599,426.10
1600,426.11
1601,426.12
1602,426.13
1603,426.2
1604,426.3
1605,426.4
1606,426.50
1607,426.51
1608,426.52
1609,426.53
1610,426.6
1611,426.7
1612,426.82
1613,426.89
1614,426.9
1615,427.0
1616,427.1
1617,427.2
1618,427.31
1619,427.32
1620,427.41
1621,427.42
1622,427.5
1623,427.60
1624,427.61
1625,427.69
1626,427.81
1627,427.89
1628,427.9
1629,428.0
1630,428.1
1631,428.20
1632,428.21
1633,428.22
1634,428.23
1635,428.30
1636,428.31
1637,428.32
1638,428.33
1639,428.40
1640,428.41
1641,428.42
1642,428.43
1643,428.9
1644,429.0
1645,429.1
1646,429.2
1647,429.3
1648,429.4
1649,429.5
1650,429.6
1651,429.71
1652,429.79
1653,429.81
1654,429.83
1655,429.89
1656,429.9
1657,430
1658,431
1659,432.0
1660,432.1
1661,432.9
1662,433.00
1663,433.01
1664,433.10
1665,433.11
1666,433.20
1667,433.21
1668,433.30
1669,433.31
1670,433.80
1671,433.81
1672,433.91
1673,434.00
1674,434.01
1675,434.10
1676,434.11
1677,434.90
1678,434.91
1679,435.0
1680,435.1
1681,435.2
1682,435.3
1683,435.8
1684,435.9
1685,436
1686,437.0
1687,437.1
1688,437.2
1689,437.3
1690,437.4
1691,437.5
1692,437.6
1693,437.7
1694,437.8
1695,437.9
1696,438.0
1697,438.10
1698,438.11
1699,438.12
1700,438.19
1701,438.20
1702,438.21
1703,438.22
1704,438.30
1705,438.31
1706,438.40
1707,438.50
1708,438.52
1709,438.53
1710,438.6
1711,438.7
1712,438.82
1713,438.83
1714,438.84
1715,438.85
1716,438.89
1717,438.9
1718,440.0
1719,440.1
1720,440.20
1721,440.21
1722,440.22
1723,440.23
1724,440.24
1725,440.29
1726,440.30
1727,440.31
1728,440.32
1729,440.4
1730,440.8
1731,440.9
1732,441.00
1733,441.01
1734,441.02
1735,441.03
1736,441.1
1737,441.2
1738,441.3
1739,441.4
1740,441.6
1741,441.7
1742,441.9
1743,442.0
1744,442.1
1745,442.2
1746,442.3
1747,442.81
1748,442.82
1749,442.83
1750,442.84
1751,442.89
1752,443.0
1753,443.21
1754,443.22
1755,443.23
1756,443.24
1757,443.29
1758,443.81
1759,443.89
1760,443.9
1761,444.0
1762,444.1
1763,444.21
1764,444.22
1765,444.81
1766,444.89
1767,444.9
1768,445.02
1769,445.81
1770,445.89
1771,446.0
1772,446.29
1773,446.4
1774,446.5
1775,446.6
1776,446.7
1777,447.0
1778,447.1
1779,447.2
1780,447.3
1781,447.4
1782,447.5
1783,447.6
1784,447.8
1785,447.9
1786,448.0
1787,448.9
1788,449
1789,451.0
1790,451.11
1791,451.19
1792,451.82
1793,451.83
1794,451.84
1795,451.89
1796,451.9
1797,452
1798,453.0
1799,453.1
1800,453.2
1801,453.3
1802,453.40
1803,453.41
1804,453.42
1805,453.8
1806,453.9
1807,454.0
1808,454.1
1809,454.2
1810,454.8
1811,454.9
1812,455.0
1813,455.1
1814,455.2
1815,455.3
1816,455.4
1817,455.5
1818,455.6
1819,455.8
1820,456.0
1821,456.1
1822,456.20
1823,456.21
1824,456.8
1825,457.0
1826,457.1
1827,457.8
1828,458.0
1829,458.1
1830,458.2
1831,458.21
1832,458.29
1833,458.8
1834,458.9
1835,459.0
1836,459.2
1837,459.81
1838,459.89
1839,459.9
1840,460
1841,461.0
1842,461.1
1843,461.2
1844,461.3
1845,461.8
1846,461.9
1847,462
1848,463
1849,464.00
1850,464.10
1851,464.11
1852,464.30
1853,464.31
1854,464.50
1855,464.51
1856,465.9
1857,466.0
1858,466.11
1859,466.19
1860,470
1861,471.0
1862,471.8
1863,472.0
1864,473.0
1865,473.1
1866,473.2
1867,473.3
1868,473.8
1869,473.9
1870,474.00
1871,474.11
1872,474.12
1873,474.8
1874,475
1875,477.0
1876,477.9
1877,478.0
1878,478.1
1879,478.11
1880,478.19
1881,478.20
1882,478.21
1883,478.22
1884,478.24
1885,478.25
1886,478.29
1887,478.30
1888,478.31
1889,478.32
1890,478.33
1891,478.34
1892,478.4
1893,478.5
1894,478.6
1895,478.70
1896,478.74
1897,478.75
1898,478.79
1899,478.9
1900,480.1
1901,480.8
1902,480.9
1903,481
1904,482.0
1905,482.1
1906,482.2
1907,482.30
1908,482.31
1909,482.32
1910,482.39
1911,482.40
1912,482.41
1913,482.49
1914,482.81
1915,482.82
1916,482.83
1917,482.84
1918,482.89
1919,482.9
1920,483.0
1921,483.8
1922,484.1
1923,484.3
1924,484.6
1925,484.7
1926,484.8
1927,485
1928,486
1929,487.0
1930,487.1
1931,490
1932,491.20
1933,491.21
1934,491.22
1935,491.8
1936,491.9
1937,492.0
1938,492.8
1939,493.00
1940,493.01
1941,493.02
1942,493.20
1943,493.21
1944,493.22
1945,493.81
1946,493.90
1947,493.91
1948,493.92
1949,494.0
1950,494.1
1951,495.8
1952,495.9
1953,496
1954,500
1955,501
1956,502
1957,506.0
1958,507.0
1959,507.1
1960,507.8
1961,508.0
1962,508.1
1963,508.8
1964,510.0
1965,510.9
1966,511.0
1967,511.1
1968,511.8
1969,511.9
1970,512.0
1971,512.1
1972,512.8
1973,513.0
1974,513.1
1975,514
1976,515
1977,516.0
1978,516.1
1979,516.3
1980,516.8
1981,516.9
1982,517.2
1983,517.3
1984,517.8
1985,518.0
1986,518.1
1987,518.3
1988,518.4
1989,518.5
1990,518.7
1991,518.81
1992,518.82
1993,518.83
1994,518.84
1995,518.89
1996,519.00
1997,519.01
1998,519.02
1999,519.09
2000,519.1
2001,519.11
2002,519.19
2003,519.2
2004,519.3
2005,519.4
2006,519.8
2007,520.0
2008,520.6
2009,521.00
2010,521.01
2011,521.08
2012,521.09
2013,521.9
2014,522.4
2015,522.5
2016,522.6
2017,523.3
2018,523.30
2019,523.33
2020,523.4
2021,523.40
2022,523.8
2023,523.9
2024,524.00
2025,524.06
2026,524.10
2027,524.60
2028,524.69
2029,525.10
2030,525.11
2031,525.12
2032,525.3
2033,525.50
2034,525.8
2035,525.9
2036,526.4
2037,526.89
2038,526.9
2039,527.2
2040,527.3
2041,527.5
2042,527.7
2043,528.0
2044,528.00
2045,528.01
2046,528.09
2047,528.2
2048,528.3
2049,528.5
2050,528.6
2051,528.9
2052,529.0
2053,529.8
2054,530.0
2055,530.10
2056,530.11
2057,530.12
2058,530.19
2059,530.2
2060,530.20
2061,530.21
2062,530.3
2063,530.4
2064,530.5
2065,530.6
2066,530.7
2067,530.81
2068,530.82
2069,530.84
2070,530.85
2071,530.87
2072,530.89
2073,530.9
2074,531.00
2075,531.01
2076,531.10
2077,531.11
2078,531.40
2079,531.50
2080,531.70
2081,531.90
2082,532.00
2083,532.01
2084,532.10
2085,532.20
2086,532.30
2087,532.40
2088,532.41
2089,532.50
2090,532.51
2091,532.60
2092,532.70
2093,532.90
2094,533.00
2095,533.40
2096,533.41
2097,533.70
2098,533.90
2099,534.00
2100,534.40
2101,534.41
2102,534.50
2103,534.90
2104,535.00
2105,535.01
2106,535.10
2107,535.11
2108,535.20
2109,535.21
2110,535.30
2111,535.31
2112,535.40
2113,535.41
2114,535.50
2115,535.51
2116,535.60
2117,535.61
2118,536.1
2119,536.2
2120,536.3
2121,536.41
2122,536.42
2123,536.49
2124,536.8
2125,537.0
2126,537.1
2127,537.3
2128,537.4
2129,537.81
2130,537.82
2131,537.83
2132,537.84
2133,537.89
2134,537.9
2135,540.0
2136,540.1
2137,540.9
2138,541
2139,543.9
2140,550.10
2141,550.12
2142,550.90
2143,550.91
2144,550.92
2145,551.20
2146,551.29
2147,551.3
2148,552.00
2149,552.1
2150,552.20
2151,552.21
2152,552.29
2153,552.3
2154,552.8
2155,552.9
2156,553.00
2157,553.1
2158,553.20
2159,553.21
2160,553.29
2161,553.3
2162,553.8
2163,553.9
2164,555.0
2165,555.1
2166,555.2
2167,555.9
2168,556.0
2169,556.1
2170,556.2
2171,556.3
2172,556.4
2173,556.6
2174,556.8
2175,556.9
2176,557.0
2177,557.1
2178,557.9
2179,558.1
2180,558.2
2181,558.3
2182,558.9
2183,560.0
2184,560.1
2185,560.2
2186,560.30
2187,560.31
2188,560.39
2189,560.81
2190,560.89
2191,560.9
2192,562.00
2193,562.01
2194,562.02
2195,562.10
2196,562.11
2197,562.12
2198,562.13
2199,564.0
2200,564.00
2201,564.01
2202,564.09
2203,564.1
2204,564.2
2205,564.7
2206,564.81
2207,564.89
2208,565.0
2209,565.1
2210,566
2211,567.0
2212,567.2
2213,567.21
2214,567.22
2215,567.23
2216,567.29
2217,567.31
2218,567.38
2219,567.8
2220,567.81
2221,567.82
2222,567.89
2223,567.9
2224,568.0
2225,568.81
2226,568.82
2227,568.89
2228,569.0
2229,569.1
2230,569.2
2231,569.3
2232,569.41
2233,569.42
2234,569.49
2235,569.5
2236,569.61
2237,569.62
2238,569.69
2239,569.81
2240,569.82
2241,569.83
2242,569.84
2243,569.85
2244,569.86
2245,569.89
2246,569.9
2247,570
2248,571.0
2249,571.1
2250,571.2
2251,571.3
2252,571.40
2253,571.49
2254,571.5
2255,571.6
2256,571.8
2257,571.9
2258,572.0
2259,572.1
2260,572.2
2261,572.3
2262,572.4
2263,572.8
2264,573.0
2265,573.1
2266,573.3
2267,573.4
2268,573.8
2269,573.9
2270,574.00
2271,574.01
2272,574.10
2273,574.11
2274,574.20
2275,574.21
2276,574.30
2277,574.31
2278,574.40
2279,574.41
2280,574.50
2281,574.51
2282,574.60
2283,574.61
2284,574.70
2285,574.71
2286,574.80
2287,574.81
2288,574.90
2289,574.91
2290,575.0
2291,575.10
2292,575.11
2293,575.12
2294,575.3
2295,575.4
2296,575.5
2297,575.6
2298,575.8
2299,575.9
2300,576.0
2301,576.1
2302,576.2
2303,576.3
2304,576.4
2305,576.8
2306,576.9
2307,577.0
2308,577.1
2309,577.2
2310,577.8
2311,577.9
2312,578.0
2313,578.1
2314,578.9
2315,579.0
2316,579.3
2317,579.8
2318,579.9
2319,580.0
2320,580.4
2321,580.81
2322,580.89
2323,580.9
2324,581.1
2325,581.2
2326,581.81
2327,581.89
2328,581.9
2329,582.0
2330,582.1
2331,582.2
2332,582.81
2333,582.89
2334,582.9
2335,583.0
2336,583.1
2337,583.2
2338,583.81
2339,583.89
2340,583.9
2341,584.5
2342,584.6
2343,584.7
2344,584.8
2345,584.9
2346,585
2347,585.1
2348,585.2
2349,585.3
2350,585.4
2351,585.5
2352,585.6
2353,585.9
2354,586
2355,587
2356,588.0
2357,588.1
2358,588.8
2359,588.81
2360,588.89
2361,590.00
2362,590.10
2363,590.11
2364,590.2
2365,590.80
2366,590.9
2367,591
2368,592.0
2369,592.1
2370,592.9
2371,593.2
2372,593.3
2373,593.4
2374,593.5
2375,593.70
2376,593.71
2377,593.81
2378,593.82
2379,593.89
2380,593.9
2381,594.0
2382,594.1
2383,594.2
2384,594.9
2385,595.0
2386,595.1
2387,595.2
2388,595.81
2389,595.82
2390,595.89
2391,595.9
2392,596.0
2393,596.1
2394,596.3
2395,596.4
2396,596.51
2397,596.54
2398,596.55
2399,596.59
2400,596.6
2401,596.7
2402,596.8
2403,596.9
2404,597.0
2405,597.80
2406,597.89
2407,598.00
2408,598.1
2409,598.2
2410,598.8
2411,598.9
2412,599.0
2413,599.4
2414,599.6
2415,599.60
2416,599.69
2417,599.7
2418,599.84
2419,600.0
2420,600.00
2421,600.01
2422,600.10
2423,600.2
2424,600.9
2425,600.90
2426,600.91
2427,601.0
2428,601.1
2429,601.2
2430,601.8
2431,601.9
2432,602.1
2433,602.3
2434,602.8
2435,603.1
2436,603.8
2437,603.9
2438,604.0
2439,604.90
2440,604.99
2441,605
2442,607.1
2443,607.2
2444,607.3
2445,607.82
2446,607.83
2447,607.84
2448,607.89
2449,607.9
2450,608.0
2451,608.2
2452,608.4
2453,608.83
2454,608.86
2455,608.89
2456,608.9
2457,610.1
2458,611.0
2459,611.1
2460,611.6
2461,611.71
2462,611.72
2463,611.79
2464,611.8
2465,614.0
2466,614.1
2467,614.2
2468,614.3
2469,614.4
2470,614.5
2471,614.6
2472,614.9
2473,615.0
2474,615.1
2475,615.9
2476,616.0
2477,616.10
2478,616.2
2479,616.4
2480,616.50
2481,616.8
2482,617.0
2483,617.1
2484,617.2
2485,617.3
2486,617.5
2487,617.8
2488,617.9
2489,618.0
2490,618.01
2491,618.04
2492,618.1
2493,618.2
2494,618.3
2495,618.4
2496,618.5
2497,618.8
2498,619.0
2499,619.1
2500,619.8
2501,620.0
2502,620.1
2503,620.2
2504,620.3
2505,620.5
2506,620.8
2507,620.9
2508,621.0
2509,621.3
2510,621.30
2511,621.4
2512,621.8
2513,622.1
2514,622.10
2515,623.5
2516,623.6
2517,623.8
2518,624.8
2519,624.9
2520,625.3
2521,625.5
2522,625.6
2523,625.8
2524,625.9
2525,626.2
2526,626.4
2527,626.6
2528,626.8
2529,626.9
2530,627.0
2531,627.1
2532,627.3
2533,627.4
2534,627.8
2535,629.89
2536,632
2537,633.1
2538,633.10
2539,633.11
2540,633.20
2541,633.80
2542,633.81
2543,633.91
2544,634.01
2545,634.11
2546,634.51
2547,634.91
2548,635.02
2549,635.11
2550,635.12
2551,635.22
2552,635.52
2553,635.72
2554,635.90
2555,635.92
2556,639.1
2557,639.2
2558,639.6
2559,639.8
2560,641.11
2561,641.13
2562,641.21
2563,641.31
2564,641.33
2565,642.01
2566,642.03
2567,642.04
2568,642.24
2569,642.31
2570,642.32
2571,642.34
2572,642.41
2573,642.44
2574,642.51
2575,642.54
2576,642.61
2577,642.64
2578,642.71
2579,642.92
2580,642.93
2581,643.03
2582,643.13
2583,644.03
2584,644.21
2585,645.11
2586,646.12
2587,646.21
2588,646.22
2589,646.23
2590,646.61
2591,646.62
2592,646.63
2593,646.64
2594,646.81
2595,646.82
2596,646.83
2597,647.61
2598,647.63
2599,647.81
2600,647.82
2601,647.83
2602,647.84
2603,648.01
2604,648.03
2605,648.04
2606,648.11
2607,648.13
2608,648.14
2609,648.21
2610,648.22
2611,648.23
2612,648.24
2613,648.31
2614,648.33
2615,648.41
2616,648.42
2617,648.43
2618,648.44
2619,648.61
2620,648.62
2621,648.63
2622,648.64
2623,648.81
2624,648.83
2625,648.91
2626,648.92
2627,648.93
2628,648.94
2629,649.03
2630,649.31
2631,649.33
2632,649.44
2633,651.01
2634,651.03
2635,652.21
2636,652.23
2637,652.61
2638,653.41
2639,654.04
2640,654.11
2641,654.21
2642,654.23
2643,654.41
2644,654.42
2645,654.43
2646,654.44
2647,654.51
2648,654.73
2649,655.53
2650,655.71
2651,655.81
2652,655.83
2653,656.11
2654,656.13
2655,656.41
2656,656.51
2657,656.61
2658,656.71
2659,656.81
2660,657.01
2661,658.01
2662,658.11
2663,658.21
2664,658.41
2665,658.81
2666,659.11
2667,659.21
2668,659.31
2669,659.41
2670,659.51
2671,659.61
2672,659.63
2673,659.71
2674,659.81
2675,660.01
2676,660.21
2677,661.01
2678,661.11
2679,661.21
2680,661.31
2681,663.31
2682,664.01
2683,664.11
2684,664.21
2685,665.11
2686,665.22
2687,665.24
2688,665.31
2689,665.34
2690,665.41
2691,665.51
2692,665.61
2693,665.72
2694,665.81
2695,665.82
2696,666.02
2697,666.04
2698,666.12
2699,666.14
2700,666.22
2701,666.24
2702,666.32
2703,666.34
2704,668.11
2705,669.02
2706,669.11
2707,669.21
2708,669.22
2709,669.24
2710,669.32
2711,669.34
2712,669.41
2713,669.42
2714,669.44
2715,669.81
2716,670.02
2717,670.04
2718,671.31
2719,671.42
2720,671.53
2721,671.54
2722,671.81
2723,672.02
2724,672.04
2725,673.11
2726,673.22
2727,673.23
2728,673.24
2729,673.33
2730,674.02
2731,674.03
2732,674.04
2733,674.12
2734,674.14
2735,674.22
2736,674.32
2737,674.34
2738,674.51
2739,674.52
2740,674.54
2741,674.82
2742,674.84
2743,680.2
2744,680.5
2745,680.6
2746,681.00
2747,681.02
2748,681.10
2749,681.11
2750,682.0
2751,682.1
2752,682.2
2753,682.3
2754,682.4
2755,682.5
2756,682.6
2757,682.7
2758,682.8
2759,682.9
2760,683
2761,684
2762,685.1
2763,686.01
2764,686.09
2765,686.1
2766,686.9
2767,690.10
2768,690.12
2769,691.0
2770,691.8
2771,692.4
2772,692.6
2773,692.82
2774,692.9
2775,693.0
2776,693.1
2777,693.8
2778,694.5
2779,694.8
2780,695.1
2781,695.2
2782,695.3
2783,695.4
2784,695.89
2785,695.9
2786,696.0
2787,696.1
2788,696.2
2789,696.3
2790,697.0
2791,697.9
2792,698.1
2793,698.3
2794,698.4
2795,698.8
2796,698.9
2797,700
2798,701.0
2799,701.1
2800,701.2
2801,701.5
2802,701.8
2803,701.9
2804,702.0
2805,702.19
2806,702.8
2807,703.8
2808,704.00
2809,704.09
2810,704.1
2811,704.2
2812,704.8
2813,705.1
2814,705.21
2815,705.83
2816,706.1
2817,706.2
2818,707.0
2819,707.00
2820,707.01
2821,707.02
2822,707.03
2823,707.04
2824,707.05
2825,707.06
2826,707.07
2827,707.09
2828,707.10
2829,707.11
2830,707.12
2831,707.13
2832,707.14
2833,707.15
2834,707.19
2835,707.8
2836,707.9
2837,708.0
2838,708.3
2839,708.8
2840,708.9
2841,709.00
2842,709.01
2843,709.09
2844,709.2
2845,709.3
2846,709.8
2847,709.9
2848,710.0
2849,710.1
2850,710.2
2851,710.3
2852,710.4
2853,710.5
2854,710.8
2855,710.9
2856,711.01
2857,711.02
2858,711.03
2859,711.04
2860,711.05
2861,711.06
2862,711.07
2863,711.09
2864,711.55
2865,711.80
2866,712.13
2867,712.16
2868,712.22
2869,712.26
2870,712.30
2871,712.33
2872,712.35
2873,712.36
2874,712.38
2875,713.1
2876,713.2
2877,713.5
2878,714.0
2879,714.1
2880,714.30
2881,714.32
2882,715.15
2883,715.16
2884,715.31
2885,715.34
2886,715.35
2887,715.36
2888,715.37
2889,715.89
2890,715.90
2891,715.91
2892,715.94
2893,715.95
2894,715.96
2895,715.98
2896,716.80
2897,716.87
2898,716.89
2899,716.90
2900,716.91
2901,716.93
2902,716.94
2903,716.95
2904,716.96
2905,716.97
2906,716.98
2907,716.99
2908,717.6
2909,717.84
2910,718.11
2911,718.15
2912,718.28
2913,718.31
2914,718.36
2915,718.43
2916,718.44
2917,718.46
2918,718.47
2919,718.49
2920,718.87
2921,718.88
2922,718.95
2923,719.01
2924,719.02
2925,719.03
2926,719.05
2927,719.06
2928,719.07
2929,719.09
2930,719.13
2931,719.16
2932,719.17
2933,719.26
2934,719.40
2935,719.41
2936,719.42
2937,719.43
2938,719.45
2939,719.46
2940,719.47
2941,719.49
2942,719.65
2943,719.66
2944,719.7
2945,719.70
2946,719.86
2947,720.0
2948,720.2
2949,720.9
2950,721.0
2951,721.1
2952,721.2
2953,721.3
2954,721.41
2955,721.42
2956,721.7
2957,721.8
2958,721.90
2959,722.0
2960,722.10
2961,722.11
2962,722.4
2963,722.51
2964,722.52
2965,722.6
2966,722.71
2967,722.72
2968,722.73
2969,722.83
2970,722.90
2971,722.91
2972,722.92
2973,722.93
2974,723.0
2975,723.1
2976,723.4
2977,723.5
2978,723.6
2979,723.7
2980,723.8
2981,724.00
2982,724.01
2983,724.02
2984,724.2
2985,724.3
2986,724.4
2987,724.5
2988,724.8
2989,724.9
2990,725
2991,726.0
2992,726.10
2993,726.11
2994,726.12
2995,726.2
2996,726.33
2997,726.5
2998,726.60
2999,726.65
3000,726.69
3001,726.71
3002,726.72
3003,726.90
3004,726.91
3005,727.00
3006,727.03
3007,727.04
3008,727.05
3009,727.3
3010,727.40
3011,727.41
3012,727.42
3013,727.43
3014,727.51
3015,727.61
3016,727.81
3017,727.82
3018,727.89
3019,727.9
3020,728.0
3021,728.13
3022,728.2
3023,728.4
3024,728.6
3025,728.71
3026,728.84
3027,728.85
3028,728.86
3029,728.87
3030,728.88
3031,728.89
3032,728.9
3033,729.1
3034,729.2
3035,729.30
3036,729.39
3037,729.4
3038,729.5
3039,729.6
3040,729.71
3041,729.72
3042,729.73
3043,729.81
3044,729.82
3045,729.89
3046,729.9
3047,730.01
3048,730.02
3049,730.04
3050,730.05
3051,730.07
3052,730.08
3053,730.09
3054,730.12
3055,730.13
3056,730.15
3057,730.16
3058,730.17
3059,730.18
3060,730.19
3061,730.20
3062,730.22
3063,730.23
3064,730.25
3065,730.26
3066,730.27
3067,730.28
3068,730.29
3069,730.88
3070,730.89
3071,731.0
3072,731.3
3073,731.8
3074,732.1
3075,732.5
3076,733.00
3077,733.01
3078,733.02
3079,733.09
3080,733.11
3081,733.13
3082,733.14
3083,733.15
3084,733.16
3085,733.19
3086,733.20
3087,733.29
3088,733.3
3089,733.40
3090,733.41
3091,733.42
3092,733.49
3093,733.6
3094,733.81
3095,733.82
3096,733.90
3097,733.99
3098,734
3099,735.0
3100,735.4
3101,735.8
3102,735.9
3103,736.09
3104,736.29
3105,736.6
3106,736.70
3107,736.71
3108,736.72
3109,736.79
3110,736.89
3111,737.10
3112,737.12
3113,737.19
3114,737.22
3115,737.30
3116,737.34
3117,737.39
3118,737.41
3119,737.43
3120,738.0
3121,738.19
3122,738.3
3123,738.4
3124,740.2
3125,741.00
3126,741.01
3127,741.03
3128,741.90
3129,741.93
3130,742.0
3131,742.1
3132,742.2
3133,742.3
3134,742.4
3135,742.59
3136,742.8
3137,742.9
3138,743.20
3139,743.22
3140,743.30
3141,743.43
3142,743.49
3143,743.53
3144,743.59
3145,743.61
3146,743.62
3147,743.63
3148,743.65
3149,743.9
3150,744.02
3151,744.05
3152,744.1
3153,744.23
3154,744.29
3155,744.3
3156,744.41
3157,744.42
3158,744.83
3159,744.89
3160,744.9
3161,745.0
3162,745.10
3163,745.11
3164,745.12
3165,745.2
3166,745.4
3167,745.5
3168,745.60
3169,745.61
3170,745.69
3171,745.8
3172,746.00
3173,746.01
3174,746.02
3175,746.09
3176,746.1
3177,746.2
3178,746.3
3179,746.4
3180,746.6
3181,746.7
3182,746.83
3183,746.84
3184,746.85
3185,746.86
3186,746.87
3187,746.89
3188,746.9
3189,747.0
3190,747.10
3191,747.11
3192,747.21
3193,747.22
3194,747.29
3195,747.3
3196,747.40
3197,747.41
3198,747.42
3199,747.49
3200,747.5
3201,747.61
3202,747.62
3203,747.63
3204,747.69
3205,747.81
3206,747.82
3207,747.83
3208,747.89
3209,748.0
3210,748.1
3211,748.2
3212,748.3
3213,748.4
3214,748.5
3215,748.60
3216,748.61
3217,748.69
3218,748.8
3219,749.00
3220,749.02
3221,749.10
3222,749.12
3223,749.20
3224,749.21
3225,749.22
3226,749.23
3227,749.24
3228,749.25
3229,750.0
3230,750.10
3231,750.16
3232,750.19
3233,750.26
3234,750.3
3235,750.4
3236,750.5
3237,750.9
3238,751.0
3239,751.1
3240,751.2
3241,751.3
3242,751.4
3243,751.5
3244,751.62
3245,751.69
3246,751.7
3247,752.0
3248,752.3
3249,752.40
3250,752.49
3251,752.51
3252,752.61
3253,752.62
3254,752.63
3255,752.65
3256,752.69
3257,752.9
3258,753.0
3259,753.10
3260,753.12
3261,753.13
3262,753.15
3263,753.19
3264,753.20
3265,753.21
3266,753.22
3267,753.23
3268,753.29
3269,753.3
3270,753.4
3271,753.5
3272,753.6
3273,753.7
3274,753.8
3275,753.9
3276,754.0
3277,754.1
3278,754.2
3279,754.30
3280,754.31
3281,754.32
3282,754.33
3283,754.35
3284,754.40
3285,754.41
3286,754.50
3287,754.51
3288,754.53
3289,754.60
3290,754.61
3291,754.70
3292,754.79
3293,754.81
3294,754.82
3295,754.89
3296,755.00
3297,755.01
3298,755.02
3299,755.10
3300,755.11
3301,755.13
3302,755.20
3303,755.21
3304,755.22
3305,755.26
3306,755.29
3307,755.31
3308,755.37
3309,755.39
3310,755.50
3311,755.55
3312,755.57
3313,755.59
3314,755.60
3315,755.63
3316,755.64
3317,755.66
3318,755.67
3319,755.69
3320,756.0
3321,756.10
3322,756.12
3323,756.13
3324,756.14
3325,756.16
3326,756.17
3327,756.19
3328,756.3
3329,756.4
3330,756.51
3331,756.6
3332,756.71
3333,756.79
3334,756.83
3335,756.89
3336,756.9
3337,757.0
3338,757.1
3339,757.2
3340,757.32
3341,757.33
3342,757.39
3343,757.5
3344,757.6
3345,758.0
3346,758.1
3347,758.2
3348,758.3
3349,758.39
3350,758.5
3351,758.6
3352,758.7
3353,758.81
3354,758.89
3355,758.9
3356,759.0
3357,759.2
3358,759.3
3359,759.5
3360,759.6
3361,759.7
3362,759.81
3363,759.82
3364,759.83
3365,759.89
3366,759.9
3367,760.0
3368,760.1
3369,760.2
3370,760.70
3371,760.72
3372,760.75
3373,760.77
3374,760.79
3375,760.8
3376,761.0
3377,761.1
3378,761.2
3379,761.3
3380,761.5
3381,761.7
3382,761.8
3383,762.0
3384,762.1
3385,762.2
3386,762.3
3387,762.4
3388,762.5
3389,762.6
3390,762.7
3391,762.8
3392,763.0
3393,763.1
3394,763.3
3395,763.4
3396,763.5
3397,763.6
3398,763.81
3399,763.82
3400,763.83
3401,763.84
3402,763.89
3403,764.01
3404,764.02
3405,764.03
3406,764.04
3407,764.05
3408,764.06
3409,764.07
3410,764.08
3411,764.09
3412,764.16
3413,764.18
3414,764.91
3415,764.92
3416,764.93
3417,764.94
3418,764.95
3419,764.96
3420,764.97
3421,764.98
3422,764.99
3423,765.00
3424,765.01
3425,765.02
3426,765.03
3427,765.04
3428,765.05
3429,765.06
3430,765.08
3431,765.10
3432,765.11
3433,765.12
3434,765.13
3435,765.14
3436,765.15
3437,765.16
3438,765.17
3439,765.18
3440,765.19
3441,765.21
3442,765.22
3443,765.23
3444,765.24
3445,765.25
3446,765.26
3447,765.27
3448,765.28
3449,765.29
3450,766.0
3451,766.1
3452,766.2
3453,766.21
3454,767.0
3455,767.1
3456,767.11
3457,767.19
3458,767.2
3459,767.3
3460,767.5
3461,767.6
3462,767.8
3463,768.3
3464,768.5
3465,768.6
3466,768.7
3467,768.9
3468,769
3469,770.0
3470,770.1
3471,770.12
3472,770.16
3473,770.18
3474,770.2
3475,770.3
3476,770.4
3477,770.5
3478,770.6
3479,770.7
3480,770.8
3481,770.81
3482,770.82
3483,770.83
3484,770.84
3485,770.87
3486,770.88
3487,770.89
3488,770.9
3489,771.1
3490,771.2
3491,771.4
3492,771.6
3493,771.7
3494,771.8
3495,771.81
3496,771.82
3497,771.83
3498,771.89
3499,772.0
3500,772.1
3501,772.10
3502,772.11
3503,772.12
3504,772.13
3505,772.14
3506,772.2
3507,772.3
3508,772.4
3509,772.6
3510,772.8
3511,773.0
3512,773.1
3513,773.2
3514,774.1
3515,774.2
3516,774.30
3517,774.31
3518,774.39
3519,774.4
3520,774.6
3521,775.0
3522,775.1
3523,775.3
3524,775.4
3525,775.5
3526,775.6
3527,775.7
3528,775.8
3529,775.81
3530,775.89
3531,775.9
3532,776.0
3533,776.1
3534,776.2
3535,776.3
3536,776.4
3537,776.5
3538,776.6
3539,776.7
3540,776.8
3541,777.1
3542,777.3
3543,777.4
3544,777.5
3545,777.6
3546,777.8
3547,777.9
3548,778.0
3549,778.2
3550,778.3
3551,778.4
3552,778.5
3553,778.6
3554,778.8
3555,778.9
3556,779.0
3557,779.1
3558,779.2
3559,779.3
3560,779.5
3561,779.6
3562,779.7
3563,779.8
3564,779.81
3565,779.82
3566,779.84
3567,779.85
3568,779.89
3569,779.9
3570,780.01
3571,780.03
3572,780.09
3573,780.1
3574,780.2
3575,780.31
3576,780.39
3577,780.4
3578,780.50
3579,780.51
3580,780.52
3581,780.54
3582,780.55
3583,780.57
3584,780.59
3585,780.6
3586,780.71
3587,780.79
3588,780.8
3589,780.9
3590,780.93
3591,780.94
3592,780.96
3593,780.97
3594,780.99
3595,781.0
3596,781.1
3597,781.2
3598,781.3
3599,781.7
3600,781.8
3601,781.94
3602,781.99
3603,782.0
3604,782.1
3605,782.2
3606,782.3
3607,782.4
3608,782.5
3609,782.61
3610,782.62
3611,782.7
3612,782.8
3613,783.0
3614,783.1
3615,783.21
3616,783.3
3617,783.40
3618,783.41
3619,783.43
3620,783.5
3621,783.6
3622,783.7
3623,784.0
3624,784.1
3625,784.2
3626,784.3
3627,784.41
3628,784.49
3629,784.5
3630,784.69
3631,784.7
3632,785.0
3633,785.1
3634,785.2
3635,785.4
3636,785.50
3637,785.51
3638,785.52
3639,785.59
3640,785.6
3641,785.9
3642,786.01
3643,786.02
3644,786.03
3645,786.04
3646,786.05
3647,786.06
3648,786.07
3649,786.09
3650,786.1
3651,786.2
3652,786.3
3653,786.4
3654,786.50
3655,786.51
3656,786.52
3657,786.59
3658,786.6
3659,786.8
3660,786.9
3661,787.01
3662,787.02
3663,787.03
3664,787.1
3665,787.2
3666,787.20
3667,787.21
3668,787.22
3669,787.23
3670,787.29
3671,787.3
3672,787.4
3673,787.6
3674,787.91
3675,787.99
3676,788.1
3677,788.20
3678,788.21
3679,788.29
3680,788.30
3681,788.31
3682,788.32
3683,788.37
3684,788.38
3685,788.39
3686,788.41
3687,788.42
3688,788.5
3689,788.63
3690,788.69
3691,788.8
3692,789.00
3693,789.01
3694,789.02
3695,789.03
3696,789.04
3697,789.05
3698,789.06
3699,789.07
3700,789.09
3701,789.1
3702,789.2
3703,789.30
3704,789.31
3705,789.33
3706,789.34
3707,789.39
3708,789.40
3709,789.5
3710,789.51
3711,789.59
3712,790.01
3713,790.09
3714,790.1
3715,790.2
3716,790.22
3717,790.29
3718,790.4
3719,790.5
3720,790.6
3721,790.7
3722,790.8
3723,790.92
3724,790.93
3725,790.94
3726,790.99
3727,791.0
3728,791.2
3729,791.3
3730,791.5
3731,791.6
3732,791.9
3733,792.0
3734,792.1
3735,792.9
3736,793.0
3737,793.1
3738,793.2
3739,793.3
3740,793.4
3741,793.5
3742,793.6
3743,793.7
3744,793.80
3745,794.00
3746,794.02
3747,794.09
3748,794.15
3749,794.2
3750,794.31
3751,794.39
3752,794.4
3753,794.5
3754,794.6
3755,794.8
3756,794.9
3757,795.09
3758,795.5
3759,795.79
3760,795.89
3761,796.0
3762,796.1
3763,796.2
3764,796.3
3765,796.4
3766,798.1
3767,799.0
3768,799.02
3769,799.1
3770,799.2
3771,799.3
3772,799.4
3773,799.89
3774,800.00
3775,800.01
3776,800.06
3777,800.09
3778,800.10
3779,800.12
3780,800.15
3781,800.16
3782,800.20
3783,800.21
3784,800.22
3785,800.23
3786,800.24
3787,800.25
3788,800.26
3789,800.29
3790,800.30
3791,800.31
3792,800.32
3793,800.35
3794,800.61
3795,800.70
3796,800.71
3797,800.75
3798,800.76
3799,800.81
3800,800.82
3801,800.85
3802,801.00
3803,801.01
3804,801.02
3805,801.05
3806,801.06
3807,801.09
3808,801.10
3809,801.11
3810,801.12
3811,801.14
3812,801.15
3813,801.16
3814,801.20
3815,801.21
3816,801.22
3817,801.24
3818,801.25
3819,801.26
3820,801.30
3821,801.31
3822,801.32
3823,801.35
3824,801.36
3825,801.40
3826,801.41
3827,801.42
3828,801.45
3829,801.51
3830,801.52
3831,801.60
3832,801.62
3833,801.64
3834,801.65
3835,801.71
3836,801.72
3837,801.74
3838,801.75
3839,801.76
3840,801.80
3841,801.82
3842,801.96
3843,802.0
3844,802.1
3845,802.20
3846,802.21
3847,802.22
3848,802.23
3849,802.24
3850,802.25
3851,802.26
3852,802.27
3853,802.28
3854,802.29
3855,802.31
3856,802.32
3857,802.35
3858,802.36
3859,802.38
3860,802.39
3861,802.4
3862,802.5
3863,802.6
3864,802.7
3865,802.8
3866,802.9
3867,803.00
3868,803.01
3869,803.06
3870,803.11
3871,803.12
3872,803.15
3873,803.16
3874,803.20
3875,803.21
3876,803.22
3877,803.24
3878,803.25
3879,803.26
3880,803.32
3881,803.36
3882,803.41
3883,803.50
3884,803.60
3885,803.75
3886,804.00
3887,804.10
3888,804.12
3889,804.16
3890,804.20
3891,804.21
3892,804.22
3893,804.23
3894,804.25
3895,804.26
3896,804.30
3897,804.32
3898,804.35
3899,804.36
3900,804.41
3901,804.66
3902,804.70
3903,804.73
3904,804.75
3905,804.76
3906,804.85
3907,805.00
3908,805.01
3909,805.02
3910,805.03
3911,805.04
3912,805.05
3913,805.06
3914,805.07
3915,805.08
3916,805.2
3917,805.4
3918,805.6
3919,805.8
3920,806.00
3921,806.01
3922,806.02
3923,806.03
3924,806.04
3925,806.05
3926,806.06
3927,806.07
3928,806.08
3929,806.09
3930,806.16
3931,806.20
3932,806.21
3933,806.22
3934,806.23
3935,806.24
3936,806.25
3937,806.26
3938,806.29
3939,806.31
3940,806.39
3941,806.4
3942,806.5
3943,806.60
3944,806.62
3945,806.8
3946,807.00
3947,807.01
3948,807.02
3949,807.03
3950,807.04
3951,807.05
3952,807.06
3953,807.07
3954,807.08
3955,807.09
3956,807.10
3957,807.2
3958,807.3
3959,807.4
3960,807.5
3961,807.6
3962,808.0
3963,808.1
3964,808.2
3965,808.3
3966,808.41
3967,808.42
3968,808.43
3969,808.49
3970,808.51
3971,808.53
3972,808.8
3973,808.9
3974,810.00
3975,810.01
3976,810.02
3977,810.03
3978,810.10
3979,810.13
3980,811.00
3981,811.01
3982,811.02
3983,811.03
3984,811.09
3985,811.10
3986,812.00
3987,812.01
3988,812.02
3989,812.03
3990,812.09
3991,812.10
3992,812.12
3993,812.19
3994,812.20
3995,812.21
3996,812.30
3997,812.31
3998,812.40
3999,812.41
4000,812.42
4001,812.43
4002,812.44
4003,812.49
4004,812.50
4005,812.51
4006,812.52
4007,812.59
4008,813.01
4009,813.02
4010,813.03
4011,813.05
4012,813.07
4013,813.08
4014,813.11
4015,813.18
4016,813.21
4017,813.22
4018,813.23
4019,813.31
4020,813.32
4021,813.33
4022,813.41
4023,813.42
4024,813.43
4025,813.44
4026,813.51
4027,813.52
4028,813.54
4029,813.81
4030,813.82
4031,813.83
4032,813.91
4033,813.92
4034,813.93
4035,814.00
4036,814.01
4037,814.02
4038,814.03
4039,814.05
4040,814.06
4041,814.07
4042,814.08
4043,814.09
4044,814.12
4045,814.18
4046,814.19
4047,815.00
4048,815.01
4049,815.02
4050,815.03
4051,815.04
4052,815.09
4053,815.10
4054,815.11
4055,815.12
4056,815.13
4057,815.14
4058,815.19
4059,816.00
4060,816.01
4061,816.02
4062,816.03
4063,816.11
4064,816.12
4065,816.13
4066,817.0
4067,820.01
4068,820.02
4069,820.03
4070,820.09
4071,820.19
4072,820.20
4073,820.21
4074,820.22
4075,820.32
4076,820.8
4077,820.9
4078,821.00
4079,821.01
4080,821.10
4081,821.11
4082,821.20
4083,821.21
4084,821.22
4085,821.23
4086,821.29
4087,821.30
4088,821.31
4089,821.32
4090,821.33
4091,821.39
4092,822.0
4093,822.1
4094,823.00
4095,823.01
4096,823.02
4097,823.10
4098,823.12
4099,823.20
4100,823.21
4101,823.22
4102,823.30
4103,823.32
4104,823.42
4105,823.80
4106,823.81
4107,823.82
4108,823.90
4109,823.92
4110,824.0
4111,824.1
4112,824.2
4113,824.3
4114,824.4
4115,824.5
4116,824.6
4117,824.7
4118,824.8
4119,824.9
4120,825.0
4121,825.1
4122,825.21
4123,825.22
4124,825.23
4125,825.25
4126,825.29
4127,825.31
4128,825.35
4129,826.0
4130,826.1
4131,828.0
4132,828.1
4133,830.0
4134,831.00
4135,831.01
4136,831.03
4137,831.04
4138,831.09
4139,831.14
4140,832.00
4141,832.02
4142,832.09
4143,833.02
4144,833.05
4145,833.11
4146,834.02
4147,835.00
4148,835.01
4149,836.0
4150,836.1
4151,836.2
4152,836.3
4153,836.50
4154,836.51
4155,836.52
4156,836.61
4157,837.1
4158,838.05
4159,838.09
4160,838.19
4161,839.00
4162,839.01
4163,839.02
4164,839.03
4165,839.04
4166,839.05
4167,839.06
4168,839.08
4169,839.20
4170,839.21
4171,839.42
4172,839.61
4173,839.69
4174,839.79
4175,840.3
4176,840.4
4177,840.8
4178,840.9
4179,841.1
4180,841.8
4181,842.00
4182,842.09
4183,842.13
4184,843.9
4185,844.0
4186,844.1
4187,844.2
4188,844.8
4189,844.9
4190,845.00
4191,845.03
4192,846.0
4193,847.0
4194,847.1
4195,847.2
4196,847.9
4197,850.0
4198,850.1
4199,850.11
4200,850.2
4201,850.4
4202,850.5
4203,850.9
4204,851.00
4205,851.01
4206,851.02
4207,851.05
4208,851.06
4209,851.09
4210,851.25
4211,851.31
4212,851.35
4213,851.40
4214,851.41
4215,851.42
4216,851.44
4217,851.45
4218,851.46
4219,851.73
4220,851.75
4221,851.80
4222,851.81
4223,851.82
4224,851.84
4225,851.85
4226,851.86
4227,851.89
4228,851.90
4229,851.96
4230,852.00
4231,852.01
4232,852.02
4233,852.03
4234,852.05
4235,852.06
4236,852.09
4237,852.10
4238,852.11
4239,852.12
4240,852.15
4241,852.19
4242,852.20
4243,852.21
4244,852.22
4245,852.25
4246,852.26
4247,852.29
4248,852.31
4249,852.36
4250,852.39
4251,852.40
4252,852.41
4253,852.42
4254,852.46
4255,853.00
4256,853.01
4257,853.02
4258,853.04
4259,853.05
4260,853.06
4261,853.09
4262,853.10
4263,853.14
4264,854.00
4265,854.02
4266,854.03
4267,854.04
4268,854.05
4269,854.06
4270,860.0
4271,860.1
4272,860.2
4273,860.3
4274,860.4
4275,860.5
4276,861.00
4277,861.01
4278,861.02
4279,861.03
4280,861.10
4281,861.12
4282,861.13
4283,861.20
4284,861.21
4285,861.22
4286,861.30
4287,861.31
4288,861.32
4289,862.0
4290,862.1
4291,862.22
4292,862.29
4293,862.32
4294,862.39
4295,862.9
4296,863.0
4297,863.1
4298,863.20
4299,863.21
4300,863.29
4301,863.30
4302,863.31
4303,863.39
4304,863.40
4305,863.42
4306,863.43
4307,863.44
4308,863.45
4309,863.49
4310,863.50
4311,863.52
4312,863.53
4313,863.54
4314,863.55
4315,863.81
4316,863.89
4317,863.93
4318,863.99
4319,864.00
4320,864.01
4321,864.02
4322,864.03
4323,864.04
4324,864.05
4325,864.09
4326,864.11
4327,864.12
4328,864.13
4329,864.14
4330,864.15
4331,864.19
4332,865.00
4333,865.01
4334,865.02
4335,865.03
4336,865.04
4337,865.09
4338,865.11
4339,865.12
4340,865.13
4341,865.14
4342,866.00
4343,866.01
4344,866.02
4345,866.03
4346,866.10
4347,866.11
4348,866.12
4349,866.13
4350,867.0
4351,867.1
4352,867.2
4353,867.6
4354,867.7
4355,867.8
4356,867.9
4357,868.01
4358,868.02
4359,868.03
4360,868.04
4361,868.09
4362,868.10
4363,868.11
4364,868.12
4365,868.13
4366,868.14
4367,868.19
4368,869.0
4369,870.0
4370,870.1
4371,870.2
4372,870.3
4373,870.8
4374,870.9
4375,871.0
4376,871.1
4377,871.2
4378,871.3
4379,871.6
4380,872.00
4381,872.01
4382,872.02
4383,872.61
4384,872.69
4385,872.8
4386,873.0
4387,873.1
4388,873.20
4389,873.21
4390,873.22
4391,873.30
4392,873.40
4393,873.41
4394,873.42
4395,873.43
4396,873.44
4397,873.49
4398,873.50
4399,873.51
4400,873.52
4401,873.53
4402,873.54
4403,873.59
4404,873.60
4405,873.61
4406,873.63
4407,873.64
4408,873.65
4409,873.71
4410,873.73
4411,873.74
4412,873.8
4413,873.9
4414,874.02
4415,874.11
4416,874.12
4417,874.2
4418,874.4
4419,874.8
4420,874.9
4421,875.0
4422,875.1
4423,876.0
4424,876.1
4425,877.0
4426,878.0
4427,878.2
4428,878.5
4429,878.6
4430,878.7
4431,879.0
4432,879.1
4433,879.2
4434,879.3
4435,879.4
4436,879.5
4437,879.6
4438,879.7
4439,879.8
4440,879.9
4441,880.00
4442,880.01
4443,880.02
4444,880.03
4445,880.10
4446,880.12
4447,880.13
4448,880.19
4449,880.20
4450,880.23
4451,881.00
4452,881.01
4453,881.02
4454,881.10
4455,881.11
4456,881.12
4457,881.20
4458,881.21
4459,881.22
4460,882.0
4461,882.1
4462,882.2
4463,883.0
4464,883.1
4465,883.2
4466,884.0
4467,885.0
4468,885.1
4469,886.0
4470,886.1
4471,887.0
4472,887.1
4473,887.2
4474,887.3
4475,887.5
4476,890.0
4477,890.1
4478,891.0
4479,891.1
4480,891.2
4481,892.0
4482,892.1
4483,892.2
4484,893.0
4485,894.0
4486,896.0
4487,896.1
4488,897.0
4489,897.2
4490,897.3
4491,897.7
4492,900.01
4493,900.02
4494,900.03
4495,900.1
4496,900.81
4497,900.82
4498,900.89
4499,900.9
4500,901.0
4501,901.1
4502,901.2
4503,901.3
4504,901.40
4505,901.41
4506,901.42
4507,901.82
4508,901.9
4509,902.0
4510,902.20
4511,902.21
4512,902.22
4513,902.23
4514,902.26
4515,902.29
4516,902.33
4517,902.34
4518,902.41
4519,902.51
4520,902.53
4521,902.54
4522,902.87
4523,902.89
4524,902.9
4525,903.01
4526,903.1
4527,903.2
4528,903.3
4529,903.4
4530,903.5
4531,903.8
4532,903.9
4533,904.0
4534,904.1
4535,904.2
4536,904.3
4537,904.41
4538,904.42
4539,904.53
4540,904.6
4541,904.7
4542,904.8
4543,905.0
4544,905.1
4545,905.2
4546,905.3
4547,905.4
4548,905.5
4549,906.1
4550,906.4
4551,906.7
4552,906.8
4553,907.0
4554,907.2
4555,907.5
4556,908.0
4557,908.1
4558,908.2
4559,908.9
4560,909.0
4561,909.2
4562,909.3
4563,909.4
4564,910.0
4565,910.8
4566,911.0
4567,911.2
4568,912.0
4569,913.0
4570,914.0
4571,914.2
4572,914.9
4573,916.0
4574,916.1
4575,916.2
4576,916.4
4577,917.1
4578,917.2
4579,918.0
4580,918.1
4581,919.0
4582,919.1
4583,919.8
4584,920
4585,921.0
4586,921.1
4587,921.2
4588,921.3
4589,921.9
4590,922.0
4591,922.1
4592,922.2
4593,922.31
4594,922.32
4595,922.4
4596,922.8
4597,923.00
4598,923.01
4599,923.03
4600,923.10
4601,923.11
4602,923.20
4603,923.3
4604,923.8
4605,923.9
4606,924.00
4607,924.01
4608,924.10
4609,924.11
4610,924.21
4611,924.3
4612,924.5
4613,924.8
4614,924.9
4615,926.0
4616,926.12
4617,926.19
4618,927.10
4619,927.20
4620,927.21
4621,927.3
4622,927.8
4623,928.00
4624,928.01
4625,928.10
4626,928.11
4627,928.20
4628,930.1
4629,930.8
4630,932
4631,933.0
4632,933.1
4633,934.0
4634,934.1
4635,934.8
4636,934.9
4637,935.1
4638,935.2
4639,936
4640,938
4641,939.0
4642,939.2
4643,941.27
4644,941.28
4645,942.03
4646,942.04
4647,942.14
4648,942.24
4649,942.34
4650,943.32
4651,944.20
4652,944.26
4653,945.22
4654,945.32
4655,945.34
4656,945.36
4657,946.2
4658,947.1
4659,948.00
4660,948.40
4661,950.0
4662,950.9
4663,951.0
4664,951.3
4665,951.4
4666,951.5
4667,951.8
4668,952.00
4669,952.02
4670,952.03
4671,952.04
4672,952.05
4673,952.06
4674,952.08
4675,952.09
4676,952.14
4677,952.15
4678,952.3
4679,952.4
4680,952.8
4681,952.9
4682,953.0
4683,953.4
4684,953.9
4685,955.1
4686,955.2
4687,955.3
4688,955.5
4689,955.7
4690,955.8
4691,955.9
4692,956.1
4693,956.2
4694,956.3
4695,956.9
4696,957.0
4697,957.1
4698,957.8
4699,957.9
4700,958.0
4701,958.1
4702,958.2
4703,958.3
4704,958.4
4705,958.5
4706,958.7
4707,958.8
4708,958.91
4709,958.92
4710,958.93
4711,958.99
4712,959.01
4713,959.09
4714,959.11
4715,959.12
4716,959.14
4717,959.3
4718,959.7
4719,959.8
4720,959.9
4721,960.0
4722,960.4
4723,960.5
4724,961.4
4725,961.8
4726,962.3
4727,962.7
4728,963.0
4729,963.1
4730,964.2
4731,964.3
4732,965.00
4733,965.01
4734,965.02
4735,965.09
4736,965.1
4737,965.4
4738,965.61
4739,965.8
4740,966.1
4741,966.3
4742,966.4
4743,967.0
4744,967.1
4745,967.8
4746,967.9
4747,968.0
4748,968.4
4749,968.5
4750,969.0
4751,969.1
4752,969.3
4753,969.4
4754,969.5
4755,969.6
4756,969.7
4757,969.8
4758,970.1
4759,970.8
4760,971.0
4761,971.1
4762,971.2
4763,971.3
4764,972.0
4765,972.1
4766,972.2
4767,972.4
4768,972.6
4769,972.9
4770,975.2
4771,975.3
4772,975.4
4773,975.5
4774,976.0
4775,976.2
4776,976.6
4777,976.7
4778,977.8
4779,977.9
4780,980.0
4781,980.3
4782,980.9
4783,982.8
4784,983.1
4785,983.2
4786,983.9
4787,985.1
4788,985.8
4789,986
4790,987.8
4791,988.1
4792,989.0
4793,989.3
4794,989.4
4795,989.5
4796,989.89
4797,989.9
4798,990
4799,991.1
4800,991.2
4801,991.3
4802,991.6
4803,992.0
4804,994.1
4805,994.2
4806,994.7
4807,994.8
4808,995.0
4809,995.1
4810,995.2
4811,995.27
4812,995.29
4813,995.3
4814,995.62
4815,995.63
4816,995.64
4817,995.67
4818,995.7
4819,995.80
4820,995.81
4821,995.83
4822,995.89
4823,995.90
4824,995.91
4825,995.92
4826,995.93
4827,995.94
4828,996.01
4829,996.02
4830,996.03
4831,996.04
4832,996.09
4833,996.1
4834,996.2
4835,996.31
4836,996.39
4837,996.4
4838,996.40
4839,996.41
4840,996.42
4841,996.43
4842,996.44
4843,996.45
4844,996.47
4845,996.49
4846,996.52
4847,996.53
4848,996.54
4849,996.56
4850,996.57
4851,996.59
4852,996.61
4853,996.62
4854,996.63
4855,996.64
4856,996.65
4857,996.66
4858,996.67
4859,996.68
4860,996.69
4861,996.71
4862,996.72
4863,996.73
4864,996.74
4865,996.75
4866,996.76
4867,996.77
4868,996.78
4869,996.79
4870,996.81
4871,996.82
4872,996.83
4873,996.84
4874,996.85
4875,996.86
4876,996.89
4877,996.93
4878,997.01
4879,997.02
4880,997.09
4881,997.1
4882,997.2
4883,997.3
4884,997.4
4885,997.5
4886,997.62
4887,997.69
4888,997.71
4889,997.72
4890,997.79
4891,997.91
4892,997.99
4893,998.0
4894,998.11
4895,998.12
4896,998.13
4897,998.2
4898,998.3
4899,998.31
4900,998.32
4901,998.4
4902,998.51
4903,998.59
4904,998.6
4905,998.81
4906,998.83
4907,998.89
4908,998.9
4909,999.1
4910,999.2
4911,999.3
4912,999.31
4913,999.39
4914,999.5
4915,999.6
4916,999.8
4917,999.9
4918,E800.2
4919,E801.2
4920,E804.2
4921,E806.2
4922,E811.0
4923,E812.0
4924,E812.1
4925,E812.2
4926,E812.3
4927,E812.6
4928,E812.7
4929,E812.9
4930,E813.0
4931,E813.1
4932,E813.2
4933,E813.3
4934,E813.6
4935,E814.0
4936,E814.1
4937,E814.2
4938,E814.6
4939,E814.7
4940,E815.0
4941,E815.1
4942,E815.2
4943,E815.6
4944,E815.9
4945,E816.0
4946,E816.1
4947,E816.2
4948,E816.3
4949,E817.1
4950,E818.0
4951,E818.1
4952,E818.2
4953,E818.7
4954,E818.8
4955,E819.0
4956,E819.1
4957,E819.2
4958,E819.3
4959,E819.6
4960,E819.7
4961,E819.9
4962,E820.0
4963,E821.0
4964,E821.1
4965,E821.2
4966,E821.6
4967,E821.7
4968,E821.9
4969,E822.6
4970,E822.7
4971,E822.8
4972,E823.0
4973,E823.1
4974,E823.2
4975,E823.3
4976,E823.7
4977,E823.8
4978,E824.1
4979,E824.2
4980,E825.0
4981,E825.1
4982,E825.2
4983,E825.7
4984,E826.0
4985,E826.1
4986,E828.2
4987,E829.8
4988,E831.1
4989,E831.8
4990,E834.1
4991,E834.3
4992,E834.8
4993,E835.3
4994,E838.4
4995,E840.5
4996,E841.5
4997,E848
4998,E849.0
4999,E849.3
5000,E849.4
5001,E849.5
5002,E849.6
5003,E849.7
5004,E849.8
5005,E849.9
5006,E850.0
5007,E850.1
5008,E850.2
5009,E850.3
5010,E850.4
5011,E850.8
5012,E851
5013,E852.8
5014,E852.9
5015,E853.2
5016,E853.8
5017,E854.0
5018,E854.1
5019,E854.2
5020,E854.3
5021,E854.8
5022,E855.0
5023,E855.1
5024,E855.2
5025,E855.5
5026,E855.6
5027,E858.0
5028,E858.1
5029,E858.2
5030,E858.3
5031,E858.6
5032,E858.7
5033,E858.8
5034,E858.9
5035,E860.0
5036,E860.4
5037,E860.9
5038,E861.1
5039,E861.3
5040,E862.4
5041,E864.1
5042,E865.4
5043,E865.5
5044,E866.3
5045,E866.8
5046,E869.8
5047,E870.0
5048,E870.2
5049,E870.4
5050,E870.5
5051,E870.6
5052,E870.8
5053,E871.4
5054,E871.6
5055,E871.7
5056,E871.8
5057,E874.4
5058,E876.1
5059,E876.4
5060,E876.8
5061,E876.9
5062,E878.0
5063,E878.1
5064,E878.2
5065,E878.3
5066,E878.4
5067,E878.5
5068,E878.6
5069,E878.8
5070,E878.9
5071,E879.0
5072,E879.1
5073,E879.2
5074,E879.3
5075,E879.4
5076,E879.6
5077,E879.7
5078,E879.8
5079,E879.9
5080,E880.0
5081,E880.1
5082,E880.9
5083,E881.0
5084,E881.1
5085,E882
5086,E883.0
5087,E884.0
5088,E884.1
5089,E884.2
5090,E884.3
5091,E884.4
5092,E884.5
5093,E884.6
5094,E884.9
5095,E885.0
5096,E885.1
5097,E885.2
5098,E885.3
5099,E885.4
5100,E885.9
5101,E886.0
5102,E887
5103,E888
5104,E888.0
5105,E888.1
5106,E888.8
5107,E888.9
5108,E891.8
5109,E899
5110,E900.0
5111,E901.0
5112,E901.1
5113,E901.8
5114,E901.9
5115,E904.1
5116,E905.3
5117,E905.5
5118,E906.0
5119,E906.4
5120,E906.8
5121,E908.1
5122,E910.2
5123,E910.8
5124,E910.9
5125,E911
5126,E912
5127,E915
5128,E916
5129,E917.0
5130,E917.3
5131,E917.4
5132,E917.5
5133,E917.7
5134,E917.8
5135,E917.9
5136,E918
5137,E919.0
5138,E919.2
5139,E919.3
5140,E919.4
5141,E919.6
5142,E919.8
5143,E920.0
5144,E920.1
5145,E920.4
5146,E920.8
5147,E920.9
5148,E922.0
5149,E922.2
5150,E922.5
5151,E922.9
5152,E923.8
5153,E924.0
5154,E924.1
5155,E924.8
5156,E924.9
5157,E927
5158,E928.3
5159,E928.8
5160,E928.9
5161,E929.0
5162,E929.1
5163,E929.2
5164,E929.3
5165,E929.8
5166,E929.9
5167,E930.0
5168,E930.1
5169,E930.3
5170,E930.4
5171,E930.5
5172,E930.6
5173,E930.7
5174,E930.8
5175,E930.9
5176,E931.0
5177,E931.3
5178,E931.4
5179,E931.5
5180,E931.7
5181,E931.8
5182,E931.9
5183,E932.0
5184,E932.2
5185,E932.3
5186,E932.5
5187,E932.8
5188,E933.0
5189,E933.1
5190,E933.8
5191,E934.2
5192,E934.4
5193,E934.5
5194,E934.6
5195,E934.7
5196,E934.8
5197,E935.1
5198,E935.2
5199,E935.3
5200,E935.4
5201,E935.6
5202,E935.7
5203,E935.8
5204,E935.9
5205,E936.0
5206,E936.1
5207,E936.3
5208,E936.4
5209,E937.0
5210,E937.8
5211,E937.9
5212,E938.0
5213,E938.3
5214,E938.4
5215,E938.5
5216,E938.7
5217,E938.9
5218,E939.0
5219,E939.1
5220,E939.2
5221,E939.3
5222,E939.4
5223,E939.5
5224,E939.7
5225,E939.8
5226,E940.1
5227,E940.8
5228,E941.0
5229,E941.1
5230,E941.2
5231,E941.3
5232,E942.0
5233,E942.1
5234,E942.2
5235,E942.4
5236,E942.5
5237,E942.6
5238,E942.9
5239,E943.0
5240,E943.3
5241,E943.8
5242,E944.1
5243,E944.3
5244,E944.4
5245,E944.5
5246,E944.7
5247,E945.1
5248,E945.2
5249,E945.3
5250,E945.7
5251,E947.0
5252,E947.1
5253,E947.8
5254,E947.9
5255,E949.6
5256,E949.9
5257,E950.0
5258,E950.1
5259,E950.2
5260,E950.3
5261,E950.4
5262,E950.6
5263,E950.7
5264,E950.9
5265,E953.0
5266,E953.8
5267,E954
5268,E955.0
5269,E955.4
5270,E955.9
5271,E956
5272,E957.0
5273,E957.1
5274,E957.2
5275,E957.9
5276,E958.0
5277,E958.1
5278,E958.5
5279,E958.8
5280,E958.9
5281,E959
5282,E960.0
5283,E962.0
5284,E963
5285,E964
5286,E965.0
5287,E965.1
5288,E965.4
5289,E965.9
5290,E966
5291,E967.0
5292,E967.3
5293,E967.4
5294,E967.7
5295,E967.8
5296,E968.1
5297,E968.2
5298,E968.7
5299,E968.8
5300,E968.9
5301,E969
5302,E970
5303,E980.0
5304,E980.3
5305,E980.4
5306,E980.5
5307,E980.9
5308,E985.0
5309,E986
5310,E987.1
5311,E988.1
5312,E988.8
5313,E988.9
5314,E989
5315,V01.1
5316,V01.7
5317,V01.79
5318,V01.89
5319,V02.3
5320,V02.4
5321,V02.51
5322,V02.59
5323,V02.61
5324,V02.62
5325,V02.9
5326,V03.81
5327,V03.82
5328,V04.0
5329,V04.81
5330,V04.82
5331,V04.89
5332,V05.2
5333,V05.3
5334,V05.8
5335,V06.1
5336,V06.2
5337,V06.3
5338,V06.6
5339,V06.8
5340,V07.1
5341,V07.2
5342,V07.4
5343,V08
5344,V09.0
5345,V09.71
5346,V09.80
5347,V09.81
5348,V09.91
5349,V10.00
5350,V10.01
5351,V10.02
5352,V10.03
5353,V10.04
5354,V10.05
5355,V10.06
5356,V10.07
5357,V10.09
5358,V10.11
5359,V10.12
5360,V10.20
5361,V10.21
5362,V10.29
5363,V10.3
5364,V10.41
5365,V10.42
5366,V10.43
5367,V10.44
5368,V10.46
5369,V10.47
5370,V10.49
5371,V10.50
5372,V10.51
5373,V10.52
5374,V10.53
5375,V10.59
5376,V10.60
5377,V10.61
5378,V10.62
5379,V10.69
5380,V10.72
5381,V10.79
5382,V10.81
5383,V10.82
5384,V10.83
5385,V10.84
5386,V10.85
5387,V10.87
5388,V10.88
5389,V10.89
5390,V10.9
5391,V11.0
5392,V11.1
5393,V11.3
5394,V11.8
5395,V12.01
5396,V12.02
5397,V12.03
5398,V12.09
5399,V12.2
5400,V12.3
5401,V12.41
5402,V12.42
5403,V12.49
5404,V12.50
5405,V12.51
5406,V12.52
5407,V12.53
5408,V12.54
5409,V12.59
5410,V12.71
5411,V12.72
5412,V12.79
5413,V13.01
5414,V13.02
5415,V13.09
5416,V13.5
5417,V13.69
5418,V13.8
5419,V14.0
5420,V14.1
5421,V14.2
5422,V14.5
5423,V14.6
5424,V14.8
5425,V15.02
5426,V15.07
5427,V15.08
5428,V15.09
5429,V15.1
5430,V15.2
5431,V15.3
5432,V15.41
5433,V15.5
5434,V15.81
5435,V15.82
5436,V15.84
5437,V15.86
5438,V15.88
5439,V15.89
5440,V16.0
5441,V16.1
5442,V16.2
5443,V16.3
5444,V16.41
5445,V16.42
5446,V16.49
5447,V16.51
5448,V16.59
5449,V16.6
5450,V16.7
5451,V16.8
5452,V16.9
5453,V17.0
5454,V17.1
5455,V17.2
5456,V17.3
5457,V17.4
5458,V17.49
5459,V17.5
5460,V18.0
5461,V18.1
5462,V18.19
5463,V18.2
5464,V18.3
5465,V18.51
5466,V18.59
5467,V18.69
5468,V18.8
5469,V18.9
5470,V19.2
5471,V19.5
5472,V19.8
5473,V20.2
5474,V22.2
5475,V23.0
5476,V23.7
5477,V23.9
5478,V25.2
5479,V26.51
5480,V26.52
5481,V27.0
5482,V27.1
5483,V27.2
5484,V27.4
5485,V28.9
5486,V29.0
5487,V29.1
5488,V29.2
5489,V29.3
5490,V29.8
5491,V30.00
5492,V30.01
5493,V30.1
5494,V31.00
5495,V31.01
5496,V31.1
5497,V32.00
5498,V32.01
5499,V33.1
5500,V34.01
5501,V40.0
5502,V40.3
5503,V42.0
5504,V42.1
5505,V42.2
5506,V42.5
5507,V42.7
5508,V42.81
5509,V42.82
5510,V42.83
5511,V42.84
5512,V42.89
5513,V43.1
5514,V43.3
5515,V43.4
5516,V43.61
5517,V43.64
5518,V43.65
5519,V43.82
5520,V44.0
5521,V44.1
5522,V44.2
5523,V44.3
5524,V44.4
5525,V44.50
5526,V44.59
5527,V44.6
5528,V44.8
5529,V44.9
5530,V45.01
5531,V45.02
5532,V45.09
5533,V45.1
5534,V45.2
5535,V45.3
5536,V45.4
5537,V45.61
5538,V45.71
5539,V45.72
5540,V45.73
5541,V45.74
5542,V45.76
5543,V45.77
5544,V45.78
5545,V45.79
5546,V45.81
5547,V45.82
5548,V45.85
5549,V45.86
5550,V45.89
5551,V46.1
5552,V46.11
5553,V46.2
5554,V46.8
5555,V46.9
5556,V49.60
5557,V49.62
5558,V49.65
5559,V49.71
5560,V49.72
5561,V49.73
5562,V49.75
5563,V49.76
5564,V49.81
5565,V49.83
5566,V49.84
5567,V50.2
5568,V50.3
5569,V50.41
5570,V51
5571,V53.09
5572,V53.31
5573,V53.32
5574,V53.39
5575,V53.91
5576,V54.01
5577,V54.11
5578,V54.12
5579,V54.13
5580,V54.15
5581,V54.16
5582,V54.17
5583,V54.19
5584,V54.26
5585,V54.27
5586,V54.81
5587,V54.89
5588,V55.0
5589,V55.1
5590,V55.2
5591,V55.3
5592,V55.4
5593,V55.5
5594,V55.6
5595,V55.8
5596,V56.0
5597,V56.1
5598,V58.0
5599,V58.1
5600,V58.11
5601,V58.12
5602,V58.3
5603,V58.41
5604,V58.42
5605,V58.43
5606,V58.49
5607,V58.61
5608,V58.62
5609,V58.63
5610,V58.64
5611,V58.65
5612,V58.66
5613,V58.67
5614,V58.69
5615,V58.73
5616,V58.81
5617,V58.83
5618,V59.6
5619,V60.0
5620,V60.2
5621,V60.4
5622,V60.8
5623,V61.0
5624,V61.10
5625,V61.11
5626,V61.29
5627,V61.49
5628,V61.8
5629,V62.0
5630,V62.4
5631,V62.5
5632,V62.6
5633,V62.82
5634,V62.84
5635,V62.89
5636,V63.2
5637,V63.8
5638,V64.0
5639,V64.05
5640,V64.1
5641,V64.2
5642,V64.3
5643,V64.4
5644,V64.41
5645,V64.42
5646,V64.43
5647,V65.2
5648,V65.49
5649,V66.0
5650,V66.7
5651,V68.89
5652,V69.4
5653,V69.8
5654,V70.3
5655,V70.7
5656,V70.8
5657,V71.2
5658,V71.4
5659,V71.6
5660,V72.1
5661,V72.19
5662,V72.81
5663,V83.81
5664,V84.01
5665,V85.0
5666,V85.1
5667,V85.22
5668,V85.23
5669,V85.24
5670,V85.30
5671,V85.31
5672,V85.32
5673,V85.33
5674,V85.37
5675,V85.4
